,"Month
","Jan
","Feb
","Mar
","Apr
","May
","Jun
","Jul
","Aug
","Sep
","Oct
","Nov
","Dec
","Year
"
0,"Record high °C (°F)
","32.4(90.3)
","34.1(93.4)
","40.6(105.1)
","45.6(114.1)
","47.2(117.0)
","46.7(116.1)
","45.0(113.0)
","42.0(107.6)
","40.6(105.1)
","39.4(102.9)
","36.1(97.0)
","30.0(86.0)
","47.2(117.0)
"
1,"Mean maximum °C (°F)
","25.5(77.9)
","29.1(84.4)
","35.3(95.5)
","41.3(106.3)
","43.7(110.7)
","43.8(110.8)
","39.7(103.5)
","37.4(99.3)
","37.1(98.8)
","36.0(96.8)
","32.2(90.0)
","27.0(80.6)
","44.5(112.1)
"
2,"Average high °C (°F)
","20.5(68.9)
","23.9(75.0)
","29.6(85.3)
","36.3(97.3)
","39.5(103.1)
","39.2(102.6)
","35.4(95.7)
","34.1(93.4)
","34.1(93.4)
","32.8(91.0)
","28.2(82.8)
","23.1(73.6)
","31.4(88.5)
"
3,"Daily mean °C (°F)
","14.1(57.4)
","17.4(63.3)
","22.7(72.9)
","28.9(84.0)
","32.7(90.9)
","33.2(91.8)
","31.4(88.5)
","30.3(86.5)
","29.6(85.3)
","26.0(78.8)
","20.5(68.9)
","15.5(59.9)
","25.2(77.4)
"
4,"Average low °C (°F)
","7.6(45.7)
","10.4(50.7)
","15.6(60.1)
","21.3(70.3)
","25.8(78.4)
","27.9(82.2)
","27.4(81.3)
","26.6(79.9)
","25.0(77.0)
","19.1(66.4)
","12.9(55.2)
","8.3(46.9)
","19.0(66.2)
"
5,"Mean minimum °C (°F)
","4.1(39.4)
","6.1(43.0)
","10.7(51.3)
","16.0(60.8)
","20.8(69.4)
","22.3(72.1)
","24.0(75.2)
","23.6(74.5)
","21.7(71.1)
","14.7(58.5)
","8.6(47.5)
","4.6(40.3)
","3.6(38.5)
"
6,"Record low °C (°F)
","−0.6(30.9)
","1.6(34.9)
","4.4(39.9)
","10.7(51.3)
","15.2(59.4)
","17.6(63.7)
","20.3(68.5)
","20.7(69.3)
","17.3(63.1)
","9.4(48.9)
","3.9(39.0)
","0.0(32.0)
","−0.6(30.9)
"
7,"Average rainfall mm (inches)
","19.3(0.76)
","22.1(0.87)
","15.9(0.63)
","13.0(0.51)
","31.5(1.24)
","82.2(3.24)
","187.3(7.37)
","232.5(9.15)
","129.8(5.11)
","14.3(0.56)
","4.9(0.19)
","9.4(0.37)
","762.3(30.01)
"
8,"Average rainy days
","1.3
","1.8
","1.6
","1.2
","2.5
","4.6
","9.4
","9.8
","5.5
","1.0
","0.5
","0.9
","40.1
"
9,"Average relative humidity (%) (at 17:30 IST)
","52
","42
","35
","23
","26
","39
","62
","66
","58
","44
","48
","54
","45
"
10,"Mean monthly sunshine hours
","220.1
","223.2
","248.0
","276.0
","285.2
","219.0
","179.8
","176.7
","219.0
","260.4
","246.0
","220.1
","2,773.5
"
11,"Mean daily sunshine hours
","7.1
","7.9
","8.0
","9.2
","9.2
","7.3
","5.8
","5.7
","7.3
","8.4
","8.2
","7.1
","7.6
"
12,"Source 1: India Meteorological Department (sun 1971–2000)[89][90][91][92][93][94][95]
",,,,,,,,,,,,,
13,"Source 2: Tokyo Climate Center (mean temperatures 1981–2010)[96]
",,,,,,,,,,,,,
